0;continue to use@R@;encourage the use of@R@ , ('continue'; 'VB');('to'; 'TO');('use'; 'VB')('encourage'; 'VB');('the'; 'DT');('use'; 'NN');('of'; 'IN') , False , False , False , False , False , False , False , False , 
0;take one look at;stare at , ('take'; 'VB');('one'; 'CD');('look'; 'NN');('at'; 'IN')('stare'; 'VB');('at'; 'IN') , False , False , 0;know for;live for , ('know'; 'VB');('for'; 'IN')('live'; 'VB');('for'; 'IN') , False , False , False , False , False , False , False , False , 
0;kill for;die for , ('kill'; 'VB');('for'; 'IN')('die'; 'VB');('for'; 'IN') , False , False , 0;be filed in@R@;be tried in@R@ , ('be'; 'VB');('filed'; 'VBN');('in'; 'IN')('be'; 'VB');('tried'; 'VBN');('in'; 'IN') , False , False , False , False , False , False , False , False , 
0;head on;stay on , ('head:NN'; 'VB');('on'; 'IN')('stay'; 'VB');('on'; 'IN') , False , False , 0;be to say;be to get , ('be'; 'VB');('to'; 'TO');('say'; 'VB')('be'; 'VB');('to'; 'TO');('get'; 'VB') , False , False , False , False , False , False , False , False , 
0;be hard to get@R@;be important to have@R@ , ('be'; 'VB');('hard'; 'JJ');('to'; 'TO');('get'; 'VB')('be'; 'VB');('important'; 'JJ');('to'; 'TO');('have'; 'VB') , False , False , False , False , False , False , False , False , 
0;look out of@R@;fall out of@R@ , ('look'; 'VB');('out'; 'IN');('of'; 'IN')('fall'; 'VB');('out'; 'IN');('of'; 'IN') , False , False , False , False , False , False , False , False , 
0;be more prone to;be immune to , ('be'; 'VB');('more'; 'RBR');('prone'; 'JJ');('to'; 'TO')('be'; 'VB');('immune'; 'JJ');('to'; 'TO') , False , False , False , False , False , False , False , False , 
0;expect on;enjoy on , ('expect'; 'VB');('on'; 'IN')('enjoy'; 'VB');('on'; 'IN') , False , False , False , False , False , False , False , False , 
0;die of@R@;be treated for@R@ , ('die:NN'; 'VB');('of'; 'IN')('be'; 'VB');('treated'; 'VBN');('for'; 'IN') , False , False , False , False , False , False , False , False , 
0;be asked to do@R@;choose to do@R@ , ('be'; 'VB');('asked'; 'VBN');('to'; 'TO');('do'; 'VB')('choose'; 'VB');('to'; 'TO');('do'; 'VB') , False , False , False , False , False , False , False , False , 
0;stare in@R@;pick up in@R@ , ('stare'; 'VB');('in'; 'IN')('pick'; 'VB');('up'; 'RP');('in'; 'IN') , False , False , False , False , False , False , False , False , 
0;close for;open at , ('close'; 'VB');('for'; 'IN')('open'; 'VB');('at'; 'IN') , False , False , False , False , False , False , False , False , 
0;need to be aware of;be conscious of , ('need'; 'VB');('to'; 'TO');('be'; 'VB');('aware'; 'JJ');('of'; 'IN')('be'; 'VB');('conscious'; 'JJ');('of'; 'IN') , False , False , False , False , False , False , False , False , 
0;sign on to@R@;sign up to@R@ , ('sign'; 'VB');('on'; 'RP');('to'; 'TO')('sign'; 'VB');('up'; 'RP');('to'; 'TO') , False , False , 
0;contract;sign to , ('contract:NN'; 'VB')('sign:NN'; 'VB');('to'; 'TO') , False , False , False , False , False , False , False , False , 
0;presume@R@;evaluate@R@ , ('presume:VB'; 'VB')('evaluate:VB'; 'VB') , False , False , False , False , 
0;wake up;wake up in , ('wake'; 'VB');('up'; 'RP')('wake'; 'VB');('up'; 'RP');('in'; 'IN') , False , False , 0;happen in;operate in , ('happen'; 'VB');('in'; 'IN')('operate'; 'VB');('in'; 'IN') , False , False , False , False , False , False , False , False , 
0;proclaim@R@;greet@R@ , ('proclaim:VB'; 'VB')('greet:VB'; 'VB') , False , False , False , False , False , False , False , False , 
0;be the nature of;be the master of , ('be'; 'VB');('the'; 'DT');('nature'; 'NN');('of'; 'IN')('be'; 'VB');('the'; 'DT');('master'; 'NN');('of'; 'IN') , False , False , False , False , False , False , False , False , 
0;do work in@R@;start work in@R@ , ('do'; 'VB');('work'; 'NN');('in'; 'IN')('start:NN'; 'VB');('work'; 'NN');('in'; 'IN') , False , False , False , False , False , False , False , False , 
0;have fond memory of;read , ('have'; 'VB');('fond'; 'JJ');('memory'; 'NN');('of'; 'IN')('read:VB'; 'VB') , False , False , False , False , False , False , False , False , 
0;be more difficult for@R@;be imperative for@R@ , ('be'; 'VB');('more'; 'RBR');('difficult'; 'JJ');('for'; 'IN')('be'; 'VB');('imperative'; 'JJ');('for'; 'IN') , False , False , False , False , False , False , False , False , 
0;be dealt with in;be evaluated in , ('be'; 'VB');('dealt'; 'VBN');('with'; 'IN');('in'; 'IN')('be'; 'VB');('evaluated'; 'VBN');('in'; 'IN') , False , False , False , False , False , False , False , False , 
0;matter in@R@;figure in@R@ , ('matter:NN'; 'VB');('in'; 'IN')('figure:NN'; 'VB');('in'; 'IN') , False , False , 0;have before;happen before , ('have'; 'VB');('before'; 'IN')('happen'; 'VB');('before'; 'IN') , False , False , False , False , False , False , False , False , 
0;think of get@R@;end up buy@R@ , ('think'; 'VB');('of'; 'IN');('get'; 'VB')('end'; 'VB');('up'; 'RP');('buy'; 'VB') , False , False , False , False , False , False , False , False , 
0;love to play with@R@;enjoy work with@R@ , ('love:NN'; 'VB');('to'; 'TO');('play'; 'VB');('with'; 'IN')('enjoy'; 'VB');('work'; 'NN');('with'; 'IN') , False , False , False , False , False , False , False , False , 
0;spin on@R@;spin@R@ , ('spin'; 'VB');('on'; 'IN')('spin:NN'; 'VB') , False , False , False , False , 
0;remember be@R@;mention be@R@ , ('remember'; 'VB');('be'; 'VB')('mention:NN'; 'VB');('be'; 'VB') , 0;love about@R@;chat about@R@ , ('love'; 'VB');('about'; 'IN')('chat'; 'VB');('about'; 'IN') , False , False , False , False , False , False , False , False , 
0;await@R@;expect from@R@ , ('await:VB'; 'VB')('expect'; 'VB');('from'; 'IN') , False , False , 0;contract;sign up to , ('contract:NN'; 'VB')('sign'; 'VB');('up'; 'RP');('to'; 'TO') , False , False , False , False , False , False , False , False , 
0;love get;have have , ('love:NN'; 'VB');('get'; 'VB')('have'; 'VB');('have'; 'VB') , False , False , False , False , False , False , False , False , 
0;be discovered@R@;be produced@R@ , ('be'; 'VB');('discovered'; 'VBN')('be'; 'VB');('produced'; 'VBN') , False , False , False , False , True , True , 
0;be imported into;export , ('be'; 'VB');('imported'; 'VBN');('into'; 'IN')('export:NN'; 'VB') , False , False , False , False , False , False , False , False , 
0;occupy in;require in , ('occupy'; 'VB');('in'; 'IN')('require'; 'VB');('in'; 'IN') , False , False , False , False , False , False , False , False , 
0;hang over;take place over , ('hang'; 'VB');('over'; 'RP')('take'; 'VB');('place'; 'NN');('over'; 'IN') , False , False , 0;order from@R@;have from@R@ , ('order:NN'; 'VB');('from'; 'IN')('have'; 'VB');('from'; 'IN') , False , False , False , False , False , False , False , False , 
0;be happy to@R@;to@R@ , ('be'; 'VB');('happy'; 'JJ');('to'; 'TO')('to:TO'; 'VB') , False , False , False , False , 
0;go on at@R@;begin at@R@ , ('go'; 'VB');('on'; 'RP');('at'; 'IN')('begin'; 'VB');('at'; 'IN') , False , False , False , False , True , True , False , True , 
0;live be@R@;come be@R@ , ('live:RB'; 'VB');('be'; 'VB')('come'; 'VB');('be'; 'VB') , 0;sweep;persuade , ('sweep:NN'; 'VB')('persuade:VB'; 'VB') , False , False , False , False , False , False , False , False , 
0;be practiced in;be invented in , ('be'; 'VB');('practiced'; 'VBN');('in'; 'IN')('be'; 'VB');('invented'; 'VBN');('in'; 'IN') , False , False , False , False , False , False , False , False , 
0;occur as@R@;develop as@R@ , ('occur'; 'VB');('as'; 'IN')('develop'; 'VB');('as'; 'IN') , False , False , False , False , True , True , 
0;be intended to provide;be to have , ('be'; 'VB');('intended'; 'VBN');('to'; 'TO');('provide'; 'VB')('be'; 'VB');('to'; 'TO');('have'; 'VB') , False , False , False , False , False , False , False , False , 
0;move towards@R@;be moved by , ('move'; 'VB');('towards'; 'IN')('be'; 'VB');('moved'; 'VBN');('by'; 'IN') , False , False , False , False , False , False , 
0;receive in;hear in , ('receive'; 'VB');('in'; 'IN')('hear'; 'VB');('in'; 'IN') , False , False , False , False , True , True , 
0;be lower in@R@;be higher in@R@ , ('be'; 'VB');('lower'; 'JJR');('in'; 'IN')('be'; 'VB');('higher'; 'JJR');('in'; 'IN') , False , False , False , False , False , False , False , False , 
0;save from;from , ('save'; 'VB');('from'; 'IN')('from:IN'; 'VB') , False , False , False , False , 
0;be to share@R@;be to show@R@ , ('be'; 'VB');('to'; 'TO');('share'; 'VB')('be'; 'VB');('to'; 'TO');('show'; 'VB') , False , False , False , False , False , False , False , False , 
0;continue as@R@;stand out as@R@ , ('continue'; 'VB');('as'; 'IN')('stand'; 'VB');('out'; 'RP');('as'; 'IN') , False , False , False , False , False , False , False , False , 
0;be found for;be put , ('be'; 'VB');('found'; 'VBN');('for'; 'IN')('be'; 'VB');('put'; 'VBN') , False , False , False , False , False , False , False , False , 
0;offer something for@R@;be something for@R@ , ('offer:NN'; 'VB');('something'; 'NN');('for'; 'IN')('be'; 'VB');('something'; 'NN');('for'; 'IN') , False , False , False , False , False , False , False , False , 
0;tend to make;need to make , ('tend'; 'VB');('to'; 'TO');('make'; 'VB')('need'; 'VB');('to'; 'TO');('make'; 'VB') , False , False , False , False , False , False , False , False , 
0;change since@R@;at@R@ , ('change:NN'; 'VB');('since'; 'IN')('at:IN'; 'VB') , False , False , False , False , False , False , False , False , 
0;receive from;learn from , ('receive'; 'VB');('from'; 'IN')('learn'; 'VB');('from'; 'IN') , False , False , 0;be conducted;be repeated in , ('be'; 'VB');('conducted'; 'VBN')('be'; 'VB');('repeated'; 'VBN');('in'; 'IN') , False , False , False , False , False , False , False , False , 
0;last from;consist , ('last:RB'; 'VB');('from'; 'IN')('consist:VB'; 'VB') , False , False , False , False , False , False , False , False , 
0;emerge as@R@;swell@R@ , ('emerge'; 'VB');('as'; 'IN')('swell:NN'; 'VB') , False , False , 0;reload@R@;recharge@R@ , ('reload:VB'; 'VB')('recharge:VB'; 'VB') , False , False , False , False , False , False , False , False , 
0;stare in@R@;listen in@R@ , ('stare'; 'VB');('in'; 'IN')('listen'; 'VB');('in'; 'IN') , False , False , 0;point;be the head of , ('point:NN'; 'VB')('be'; 'VB');('the'; 'DT');('head'; 'NN');('of'; 'IN') , False , False , False , False , False , False , False , False , 
0;manage to get@R@;come to get@R@ , ('manage'; 'VB');('to'; 'TO');('get'; 'VB')('come'; 'VBN');('to'; 'TO');('get'; 'VB') , False , False , 0;be easy to find@R@;be to get@R@ , ('be'; 'VB');('easy'; 'JJ');('to'; 'TO');('find'; 'VB')('be'; 'VB');('to'; 'TO');('get'; 'VB') , False , False , False , False , False , False , False , False , 
0;be cut from@R@;cut@R@ , ('be'; 'VB');('cut'; 'VBN');('from'; 'IN')('cut:VB'; 'VB') , False , False , False , False , False , False , False , False , 
0;be complete without;be left without , ('be'; 'VB');('complete'; 'JJ');('without'; 'IN')('be'; 'VB');('left'; 'VBN');('without'; 'IN') , False , False , False , False , False , False , False , False , 
0;help out with;help out , ('help'; 'VB');('out'; 'RP');('with'; 'IN')('help'; 'VB');('out'; 'RP') , False , False , 0;chat about;blog , ('chat'; 'VB');('about'; 'IN')('blog:NN'; 'VB') , False , False , False , False , False , False , False , False , 
0;move at;fall at , ('move'; 'VB');('at'; 'IN')('fall'; 'VB');('at'; 'IN') , False , False , False , False , True , True , True , True , 
0;file in;in , ('file:NN'; 'VB');('in'; 'IN')('in:IN'; 'VB') , False , False , False , False , 
0;love work with@R@;enjoy play with@R@ , ('love:NN'; 'VB');('work'; 'NN');('with'; 'IN')('enjoy'; 'VB');('play'; 'NN');('with'; 'IN') , False , False , False , False , False , False , False , False , 
0;listen for@R@;read for@R@ , ('listen'; 'VB');('for'; 'IN')('read'; 'VB');('for'; 'IN') , False , False , 
0;say for;hear for , ('say'; 'VB');('for'; 'IN')('hear'; 'VB');('for'; 'IN') , False , False , 0;store;start collect , ('store:NN'; 'VB')('start'; 'VB');('collect'; 'VB') , False , False , False , False , False , False , False , False , 
0;need a copy of;have a copy of , ('need'; 'VB');('a'; 'DT');('copy'; 'NN');('of'; 'IN')('have'; 'VB');('a'; 'DT');('copy'; 'NN');('of'; 'IN') , False , False , False , False , False , False , False , False , 
0;seem more like@R@;become more than@R@ , ('seem'; 'VB');('more'; 'JJR');('like'; 'IN')('become'; 'VB');('more'; 'JJR');('than'; 'IN') , False , False , False , False , False , False , False , False , 
0;head up to@R@;be by , ('head'; 'VB');('up'; 'RP');('to'; 'TO')('be'; 'VB');('by'; 'IN') , False , False , False , False , False , False , 
0;dont use@R@;begin use@R@ , ('do'; 'VB');('not'; 'RB');('use'; 'VB')('begin'; 'VB');('use:NN'; 'VB') , False , False , False , False , False , False , False , False , 
0;end up do@R@;be gonna do@R@ , ('end'; 'VB');('up'; 'RP');('do'; 'VB')('be'; 'VB');('gonna'; 'VBN');('do'; 'RP') , False , False , False , False , False , False , False , False , 
0;mean in;imagine in , ('mean'; 'VB');('in'; 'IN')('imagine'; 'VB');('in'; 'IN') , False , False , False , False , False , False , False , False , 
0;uninstall@R@;need to adjust@R@ , ('uninstall:NN'; 'VB')('need'; 'VB');('to'; 'TO');('adjust'; 'VB') , False , False , False , False , False , False , False , False , 
0;brush@R@;swing@R@ , ('brush:NN'; 'VB')('swing:NN'; 'VB') , False , False , False , False , False , False , False , False , 
0;be popular in;be invented in , ('be'; 'VB');('popular'; 'JJ');('in'; 'IN')('be'; 'VB');('invented'; 'VBN');('in'; 'IN') , False , False , False , False , False , False , False , False , 
0;listen for@R@;find for@R@ , ('listen'; 'VB');('for'; 'IN')('find'; 'VB');('for'; 'IN') , False , False , False , False , False , False , False , False , 
0;take about;like to take , ('take'; 'VB');('about'; 'IN')('like:IN'; 'VB');('to'; 'TO');('take'; 'VB') , False , False , False , False , False , False , False , False , 
0;fling@R@;give away@R@ , ('fling:VBG'; 'VB')('give'; 'VB');('away'; 'RP') , False , False , 0;be taken on@R@;be taken in@R@ , ('be'; 'VB');('taken'; 'VBN');('on'; 'IN')('be'; 'VB');('taken'; 'VBN');('in'; 'IN') , False , False , 
0;die by@R@;happen by@R@ , ('die'; 'VB');('by'; 'IN')('happen'; 'VB');('by'; 'IN') , False , False , False , False , False , False , False , False , 
0;see on@R@;check on@R@ , ('see'; 'VB');('on'; 'IN')('check'; 'VB');('on'; 'IN') , False , False , 0;be lack of;go down in , ('be'; 'VB');('lack'; 'NN');('of'; 'IN')('go'; 'VB');('down'; 'RP');('in'; 'IN') , False , False , False , False , False , False , False , False , 
0;end at;at , ('end'; 'VB');('at'; 'IN')('at:IN'; 'VB') , False , False , False , False , 
0;burn;burn to , ('burn:VB'; 'VB')('burn'; 'VB');('to'; 'TO') , False , False , False , False , 
0;entertain@R@;toy with@R@ , ('entertain:VB'; 'VB')('toy:NN'; 'VB');('with'; 'IN') , False , False , 1;be composed of@R@;make of@R@ , ('be'; 'VB');('composed'; 'VBN');('of'; 'IN')('make'; 'VB');('of'; 'IN') , False , False , 
1;be designed as@R@;be meant to be@R@ , ('be'; 'VB');('designed'; 'VBN');('as'; 'IN')('be'; 'VB');('meant'; 'VBN');('to'; 'TO');('be'; 'VB') , 1;undermine;weaken , ('undermine:VB'; 'VB')('weaken:VB'; 'VB') , True , True , 
1;function in@R@;run in@R@ , ('function:NN'; 'VB');('in'; 'IN')('run'; 'VB');('in'; 'IN') , False , False , 1;be absorbed in@R@;be absorbed by@R@ , ('be'; 'VB');('absorbed'; 'VBN');('in'; 'IN')('be'; 'VB');('absorbed'; 'VBN');('by'; 'IN') , False , False , 
1;regret@R@;feel@R@ , ('regret:NN'; 'VB')('feel:VB'; 'VB') , False , False , False , False , 
1;keep tell@R@;tell@R@ , ('keep'; 'VB');('tell'; 'VB')('tell:VB'; 'VB') , True , False , 
1;foresee;picture , ('foresee:VB'; 'VB')('picture:NN'; 'VB') , True , True , 
1;be popular for@R@;be recognized for@R@ , ('be'; 'VB');('popular'; 'JJ');('for'; 'IN')('be'; 'VB');('recognized'; 'VBN');('for'; 'IN') , False , False , 
1;conserve;protect , ('conserve:VB'; 'VB')('protect:VB'; 'VB') , True , True , 
1;visit to@R@;see@R@ , ('visit:NN'; 'VB');('to'; 'TO')('see:VB'; 'VB') , False , False , False , False , False , False , False , False , 
1;be reviewed in@R@;be evaluated in@R@ , ('be'; 'VB');('reviewed'; 'VBN');('in'; 'IN')('be'; 'VB');('evaluated'; 'VBN');('in'; 'IN') , False , False , False , False , 
1;provide a forum for@R@;provide the opportunity for@R@ , ('provide'; 'VB');('a'; 'DT');('forum'; 'NN');('for'; 'IN')('provide'; 'VB');('the'; 'DT');('opportunity'; 'NN');('for'; 'IN') , False , False , False , False , False , False , False , False , 
1;revolutionize@R@;be changed by , ('revolutionize:VB'; 'VB')('be'; 'VB');('changed'; 'VBN');('by'; 'IN') , 
1;be to keep@R@;be to have@R@ , ('be'; 'VB');('to'; 'TO');('keep'; 'VB')('be'; 'VB');('to'; 'TO');('have'; 'VB') , False , False , False , False , 
1;be geared to@R@;be targeted to@R@ , ('be'; 'VB');('geared'; 'VBN');('to'; 'TO')('be'; 'VB');('targeted'; 'VBN');('to'; 'TO') , False , False , False , False , False , False , False , False , 
1;end up in@R@;culminate in@R@ , ('end'; 'VB');('up'; 'RP');('in'; 'IN')('culminate'; 'VB');('in'; 'IN') , False , False , False , False , True , True , 
1;unlock;be opened by@R@ , ('unlock:NN'; 'VB')('be'; 'VB');('opened'; 'VBN');('by'; 'IN') , 
1;have responsibility for;be accountable for , ('have'; 'VB');('responsibility'; 'NN');('for'; 'IN')('be'; 'VB');('accountable'; 'JJ');('for'; 'IN') , False , False , False , False , False , False , False , False , 
1;help protect;be protected by@R@ , ('help'; 'VB');('protect'; 'VB')('be'; 'VB');('protected'; 'VBN');('by'; 'IN') , 
1;look to make@R@;be ready to make@R@ , ('look'; 'VB');('to'; 'TO');('make'; 'VB')('be'; 'VB');('ready'; 'JJ');('to'; 'TO');('make'; 'VB') , False , False , False , False , False , False , False , False , 
1;remember watch@R@;remember see@R@ , ('remember'; 'VB');('watch:NN'; 'VB')('remember'; 'VB');('see'; 'VB') , False , False , False , False , True , True , 
1;attribute;ascribe to , ('attribute:NN'; 'VB')('ascribe'; 'VB');('to'; 'TO') , True , True , 
1;adopt;accept , ('adopt:VB'; 'VB')('accept:VB'; 'VB') , True , True , 
1;receive about;get about , ('receive'; 'VB');('about'; 'IN')('get'; 'VB');('about'; 'IN') , False , False , 1;be captivated by;captivate@R@ , ('be'; 'VB');('captivated'; 'VBN');('by'; 'IN')('captivate:VB'; 'VB') , 
1;be a mix of@R@;be a blend of@R@ , ('be'; 'VB');('a'; 'DT');('mix'; 'NN');('of'; 'IN')('be'; 'VB');('a'; 'DT');('blend'; 'VB');('of'; 'IN') , False , False , 
1;substitute for;substitute , ('substitute'; 'VB');('for'; 'IN')('substitute:NN'; 'VB') , False , False , 1;exhibit in@R@;be exhibited in@R@ , ('exhibit:NN'; 'VB');('in'; 'IN')('be'; 'VB');('exhibited'; 'VBN');('in'; 'IN') , False , False , 
1;go on to@R@;continue on to@R@ , ('go'; 'VB');('on'; 'RP');('to'; 'TO')('continue'; 'VB');('on'; 'RP');('to'; 'TO') , False , False , False , False , False , False , False , False , 
1;provide a variety of@R@;have a variety of@R@ , ('provide'; 'VB');('a'; 'DT');('variety'; 'NN');('of'; 'IN')('have'; 'VB');('a'; 'DT');('variety'; 'NN');('of'; 'IN') , False , False , False , False , True , True , True , True , 
1;fly in;proceed in , ('fly'; 'VB');('in'; 'IN')('proceed'; 'VB');('in'; 'IN') , False , False , False , False , True , True , True , True , 
1;start take@R@;get to take@R@ , ('start'; 'VB');('take'; 'VB')('get'; 'VB');('to'; 'TO');('take'; 'VB') , False , False , False , False , True , True , True , True , 
1;have a huge impact on@R@;impact on@R@ , ('have'; 'VB');('a'; 'DT');('huge'; 'JJ');('impact'; 'NN');('on'; 'IN')('impact:NN'; 'VB');('on'; 'IN') , False , False , 
1;dont know about@R@;don know@R@ , ('do'; 'VB');('not'; 'RB');('know'; 'VB');('about'; 'IN')('don'; 'VB');('know'; 'VB') , False , False , False , False , False , False , False , False , 
1;entertain@R@;cheer@R@ , ('entertain:VB'; 'VB')('cheer:VB'; 'VB') , True , True , 
1;be intimidated by;restrain@R@ , ('be'; 'VB');('intimidated'; 'VBN');('by'; 'IN')('restrain:VB'; 'VB') , 
1;find out more about@R@;find more information on@R@ , ('find'; 'VB');('out'; 'RP');('more'; 'RBR');('about'; 'IN')('find'; 'VB');('more'; 'JJR');('information'; 'NN');('on'; 'IN') , False , False , False , False , False , False , False , False , 
1;be committed to provide@R@;be dedicated to provide@R@ , ('be'; 'VB');('committed'; 'VBN');('to'; 'TO');('provide'; 'VB')('be'; 'VB');('dedicated'; 'VBN');('to'; 'TO');('provide'; 'VB') , False , False , False , False , True , True , 
1;buy one of;get one of , ('buy'; 'VB');('one'; 'CD');('of'; 'IN')('get'; 'VB');('one'; 'CD');('of'; 'IN') , False , False , False , False , 
1;be rare for@R@;be uncommon for@R@ , ('be'; 'VB');('rare'; 'JJ');('for'; 'IN')('be'; 'VB');('uncommon'; 'JJ');('for'; 'IN') , False , False , 
1;customize;personalize , ('customize:VB'; 'VB')('personalize:VB'; 'VB') , True , False , False , False , True , False , True , False , 
1;be a student at@R@;be enrolled at@R@ , ('be'; 'VB');('a'; 'DT');('student'; 'NN');('at'; 'IN')('be'; 'VB');('enrolled'; 'VBN');('at'; 'IN') , False , False , False , False , False , False , False , False , 
1;head down to;head to , ('head'; 'VB');('down'; 'RP');('to'; 'TO')('head:NN'; 'VB');('to'; 'TO') , False , False , False , False , 
1;look to do;try to do , ('look'; 'VB');('to'; 'TO');('do'; 'VB')('try'; 'VB');('to'; 'TO');('do'; 'VB') , False , False , False , False , False , False , False , False , 
1;be a major cause of@R@;be caused by , ('be'; 'VB');('a'; 'DT');('major'; 'JJ');('cause'; 'NN');('of'; 'IN')('be'; 'VB');('caused'; 'VBN');('by'; 'IN') , 
1;be sick of@R@;tire of@R@ , ('be'; 'VB');('sick'; 'JJ');('of'; 'IN')('tire:NN'; 'VB');('of'; 'IN') , False , False , 
1;be ready to make;plan to have , ('be'; 'VB');('ready'; 'JJ');('to'; 'TO');('make'; 'VB')('plan:NN'; 'VB');('to'; 'TO');('have'; 'VB') , False , False , False , False , False , False , False , False , 
1;employ;hire , ('employ:VB'; 'VB')('hire:VB'; 'VB') , True , True , 
1;be off to;head off to , ('be'; 'VB');('off'; 'RB');('to'; 'TO')('head'; 'VB');('off'; 'RP');('to'; 'TO') , False , False , False , False , False , False , False , False , 
1;be informed about@R@;be made aware of@R@ , ('be'; 'VB');('informed'; 'VBN');('about'; 'IN')('be'; 'VB');('made'; 'VBN');('aware'; 'JJ');('of'; 'IN') , False , False , False , False , False , False , False , False , 
1;be integral to;be vital to , ('be'; 'VB');('integral'; 'JJ');('to'; 'TO')('be'; 'VB');('vital'; 'JJ');('to'; 'TO') , False , False , 
1;have extensive experience in;be trained in , ('have'; 'VB');('extensive'; 'JJ');('experience'; 'NN');('in'; 'IN')('be'; 'VB');('trained'; 'VBN');('in'; 'IN') , False , False , 
1;search on@R@;do a search on@R@ , ('search:NN'; 'VB');('on'; 'IN')('do'; 'VB');('a'; 'DT');('search'; 'NN');('on'; 'IN') , False , False , False , False , 
1;be good at;be good in , ('be'; 'VB');('good'; 'JJ');('at'; 'IN')('be'; 'VB');('good'; 'JJ');('in'; 'IN') , False , False , 
2;be indebted to;want to thank , ('be'; 'VB');('indebted'; 'JJ');('to'; 'TO')('want'; 'VB');('to'; 'TO');('thank'; 'VB') , False , False , False , False , False , False , False , False , 
2;charge@R@;bill@R@ , ('charge:NN'; 'VB')('bill:NN'; 'VB') , False , False , False , False , False , False , False , False , 
2;come on@R@;descend on@R@ , ('come'; 'VB');('on'; 'IN')('descend'; 'VB');('on'; 'IN') , False , False , 2;announce in;express in , ('announce'; 'VB');('in'; 'IN')('express'; 'VB');('in'; 'IN') , False , False , False , False , 
2;finish with;come out with , ('finish'; 'VB');('with'; 'IN')('come'; 'VBN');('out'; 'RP');('with'; 'IN') , False , False , 2;be placed at;be displayed at , ('be'; 'VB');('placed'; 'VBN');('at'; 'IN')('be'; 'VB');('displayed'; 'VBN');('at'; 'IN') , False , False , False , False , False , False , False , False , 
2;take one look at;look down at , ('take'; 'VB');('one'; 'CD');('look'; 'NN');('at'; 'IN')('look'; 'VB');('down'; 'RP');('at'; 'IN') , False , False , False , False , False , False , False , False , 
2;use a number of;allow the use of , ('use'; 'VB');('a'; 'DT');('number'; 'NN');('of'; 'IN')('allow'; 'VB');('the'; 'DT');('use'; 'NN');('of'; 'IN') , False , False , 2;fall over@R@;come over@R@ , ('fall:NN'; 'VB');('over'; 'IN')('come'; 'VB');('over'; 'RP') , False , False , 2;be free on@R@;be free in@R@ , ('be'; 'VB');('free'; 'JJ');('on'; 'IN')('be'; 'VB');('free'; 'JJ');('in'; 'IN') , False , False , 
2;experience;live , ('experience:NN'; 'VB')('live:VB'; 'VB') , True , True , 
2;be organized in@R@;be separated into@R@ , ('be'; 'VB');('organized'; 'VBN');('in'; 'IN')('be'; 'VB');('separated'; 'VBN');('into'; 'IN') , False , False , False , False , False , False , False , False , 
2;take place on@R@;be due for@R@ , ('take'; 'VB');('place'; 'NN');('on'; 'IN')('be'; 'VB');('due'; 'JJ');('for'; 'IN') , False , False , False , False , False , False , False , False , 
2;encircle@R@;walk around@R@ , ('encircle:VB'; 'VB')('walk'; 'VB');('around'; 'IN') , False , False , False , False , False , False , False , False , 
2;take a number of;make a number of , ('take'; 'VB');('a'; 'DT');('number'; 'NN');('of'; 'IN')('make'; 'VB');('a'; 'DT');('number'; 'NN');('of'; 'IN') , False , False , False , False , True , True , True , True , 
2;wander in@R@;wander into@R@ , ('wander'; 'VB');('in'; 'IN')('wander'; 'VB');('into'; 'IN') , False , False , 
2;continue to work with;do the work for , ('continue'; 'VB');('to'; 'TO');('work'; 'VB');('with'; 'IN')('do'; 'VB');('the'; 'DT');('work'; 'NN');('for'; 'IN') , False , False , False , False , False , False , False , False , 
2;operate from;take place from , ('operate'; 'VB');('from'; 'IN')('take'; 'VB');('place'; 'NN');('from'; 'IN') , False , False , False , False , False , False , False , False , 
2;come between;lie between , ('come'; 'VB');('between'; 'IN')('lie:NN'; 'VB');('between'; 'IN') , False , False , 2;contract;sign up , ('contract:NN'; 'VB')('sign'; 'VB');('up'; 'RP') , True , True , 
2;develop on@R@;raise on@R@ , ('develop'; 'VB');('on'; 'IN')('raise'; 'VB');('on'; 'IN') , False , False , 
2;be available on@R@;be available via@R@ , ('be'; 'VB');('available'; 'JJ');('on'; 'IN')('be'; 'VB');('available'; 'JJ');('via'; 'IN') , False , False , False , False , True , True , 
2;serve to;help to , ('serve'; 'VB');('to'; 'TO')('help:NN'; 'VB');('to'; 'TO') , False , False , 2;be the main source of;be packed with , ('be'; 'VB');('the'; 'DT');('main'; 'JJ');('source'; 'NN');('of'; 'IN')('be'; 'VB');('packed'; 'VBN');('with'; 'IN') , False , False , False , False , False , False , False , False , 
2;show some of@R@;give an overview of@R@ , ('show'; 'VB');('some'; 'DT');('of'; 'IN')('give'; 'VB');('an'; 'DT');('overview'; 'NN');('of'; 'IN') , False , False , False , False , False , False , False , False , 
2;endure for@R@;go on for@R@ , ('endure'; 'VB');('for'; 'IN')('go'; 'VB');('on'; 'RP');('for'; 'IN') , False , False , 
2;be built into@R@;transform into@R@ , ('be'; 'VB');('built'; 'VBN');('into'; 'IN')('transform'; 'VB');('into'; 'IN') , False , False , 
2;fall off@R@;come off@R@ , ('fall'; 'VB');('off'; 'RP')('come'; 'VB');('off'; 'RP') , False , False , 2;be received at@R@;be offered at@R@ , ('be'; 'VB');('received'; 'VBN');('at'; 'IN')('be'; 'VB');('offered'; 'VBN');('at'; 'IN') , False , False , False , False , False , False , False , False , 
2;recall@R@;decide to call@R@ , ('recall:NN'; 'VB')('decide'; 'VB');('to'; 'TO');('call'; 'VB') , False , False , False , False , False , False , False , False , 
2;display@R@;pull off@R@ , ('display:NN'; 'VB')('pull'; 'VB');('off'; 'RP') , False , False , 2;be the amount of@R@;be the sum of@R@ , ('be'; 'VB');('the'; 'DT');('amount'; 'NN');('of'; 'IN')('be'; 'VB');('the'; 'DT');('sum'; 'NN');('of'; 'IN') , False , False , 
2;be more interesting than@R@;be more important than@R@ , ('be'; 'VB');('more'; 'RBR');('interesting'; 'JJ');('than'; 'IN')('be'; 'VB');('more'; 'RBR');('important'; 'JJ');('than'; 'IN') , False , False , False , False , True , True , True , True , 
2;be posted for;be included for , ('be'; 'VB');('posted'; 'VBN');('for'; 'IN')('be'; 'VB');('included'; 'VBN');('for'; 'IN') , False , False , False , False , False , False , False , False , 
2;be the idea of@R@;be the topic of@R@ , ('be'; 'VB');('the'; 'DT');('idea'; 'NN');('of'; 'IN')('be'; 'VB');('the'; 'DT');('topic'; 'NN');('of'; 'IN') , False , False , 
2;run from;take place from , ('run'; 'VB');('from'; 'IN')('take'; 'VB');('place'; 'NN');('from'; 'IN') , False , False , 2;require in@R@;take in@R@ , ('require'; 'VB');('in'; 'IN')('take'; 'VB');('in'; 'RP') , False , False , 2;continue with;remain with , ('continue'; 'VB');('with'; 'IN')('remain'; 'VB');('with'; 'IN') , False , False , 
3;be experienced with@R@;have any experience with@R@ , ('be'; 'VB');('experienced'; 'VBN');('with'; 'IN')('have'; 'VB');('any'; 'DT');('experience'; 'NN');('with'; 'IN') , False , False , False , False , False , False , False , False , 
1;undermine;weaken , ('undermine:VB'; 'VB')('weaken:VB'; 'VB') , True , True , 
1;foresee;picture , ('foresee:VB'; 'VB')('picture:NN'; 'VB') , True , True , 
1;conserve;protect , ('conserve:VB'; 'VB')('protect:VB'; 'VB') , True , True , 
1;attribute;ascribe to , ('attribute:NN'; 'VB')('ascribe'; 'VB');('to'; 'TO') , True , True , 
1;adopt;accept , ('adopt:VB'; 'VB')('accept:VB'; 'VB') , True , True , 
1;entertain@R@;cheer@R@ , ('entertain:VB'; 'VB')('cheer:VB'; 'VB') , True , True , 
1;employ;hire , ('employ:VB'; 'VB')('hire:VB'; 'VB') , True , True , 
2;experience;live , ('experience:NN'; 'VB')('live:VB'; 'VB') , True , True , 
2;contract;sign up , ('contract:NN'; 'VB')('sign'; 'VB');('up'; 'RP') , True , True , 
0;ensure@R@;reassure@R@ , ('ensure:VB'; 'VB')('reassure:VB'; 'VB') , True , True , 
0;multiply@R@;double@R@ , ('multiply:VB'; 'VB')('double:RB'; 'VB') , True , True , 
1;accommodate@R@;admit@R@ , ('accommodate:VB'; 'VB')('admit:VB'; 'VB') , True , True , 
1;wrestle with;struggle with , ('wrestle'; 'VB');('with'; 'IN')('struggle:NN'; 'VB');('with'; 'IN') , True , True , 
0;settle@R@;compensate@R@ , ('settle:VB'; 'VB')('compensate:VB'; 'VB') , True , True , 
1;revamp@R@;revise@R@ , ('revamp:VB'; 'VB')('revise:VB'; 'VB') , True , True , 
0;recall@R@;take back@R@ , ('recall:NN'; 'VB')('take'; 'VB');('back'; 'RP') , True , True , 
1;caution;inform , ('caution:NN'; 'VB')('inform:VB'; 'VB') , True , True , 
1;accomplish@R@;carry out@R@ , ('accomplish:VB'; 'VB')('carry'; 'VB');('out'; 'RP') , True , True , 
1;adapt;accommodate , ('adapt:VB'; 'VB')('accommodate:VB'; 'VB') , True , True , 
2;disregard@R@;leave out@R@//Discard food left out more than two hours , ('disregard:NN'; 'VB')('leave'; 'VB');('out'; 'RP') , True , True , 
2;hail@R@;glorify@R@ , ('hail:NN'; 'VB')('glorify:VB'; 'VB') , True , True , 
1;wake up;arouse , ('wake'; 'VB');('up'; 'RP')('arouse:VB'; 'VB') , True , True , 
2;institute;establish , ('institute:NN'; 'VB')('establish:VB'; 'VB') , True , True , 
0;turn out@R@;work out@R@ , ('turn'; 'VB');('out'; 'RP')('work'; 'VB');('out'; 'RP') , True , True , 
1;emulate@R@;imitate@R@ , ('emulate:VB'; 'VB')('imitate:VB'; 'VB') , True , True , 
1;comprise@R@;integrate@R@ , ('comprise:VB'; 'VB')('integrate:VB'; 'VB') , True , True , 
1;insure@R@;ensure@R@ , ('insure:VB'; 'VB')('ensure:VB'; 'VB') , True , True , 
1;forsake@R@;give up@R@ , ('forsake:VB'; 'VB')('give'; 'VB');('up'; 'RP') , True , True , 
1;range@R@;move@R@//"patrols ranged deep into enemy territory" , ('range:NN'; 'VB')('move:VB'; 'VB') , True , True , 
1;merit;be worthy of//>His findings merit earnest consideration , ('merit:NN'; 'VB')('be'; 'VB');('worthy'; 'JJ');('of'; 'IN') , True , True , 
2;hone@R@;perfect@R@ , ('hone:VB'; 'VB')('perfect:JJ'; 'VB') , True , True , 
2;shove;stuff , ('shove:VB'; 'VB')('stuff:NN'; 'VB') , True , True , 
1;limit;define , ('limit:NN'; 'VB')('define:VB'; 'VB') , True , True , 
1;reinforce@R@;strengthen@R@ , ('reinforce:VB'; 'VB')('strengthen:VB'; 'VB') , True , True , 
2;examine@R@;compare@R@ , ('examine:VB'; 'VB')('compare:VB'; 'VB') , True , True , 
2;stab@R@;poke@R@ , ('stab:NN'; 'VB')('poke:VB'; 'VB') , True , True , 
0;enhance;elevate , ('enhance:VB'; 'VB')('elevate:VB'; 'VB') , True , True , 
0;aim;drive , ('aim:NN'; 'VB')('drive:NN'; 'VB') , True , True , 
1;inhabit;populate , ('inhabit:VB'; 'VB')('populate:VB'; 'VB') , True , True , 
0;presume@R@;evaluate@R@ , ('presume:VB'; 'VB')('evaluate:VB'; 'VB') , False , False , False , False , 
1;regret@R@;feel@R@ , ('regret:NN'; 'VB')('feel:VB'; 'VB') , False , False , False , False , 
1;keep tell@R@;tell@R@ , ('keep'; 'VB');('tell'; 'VB')('tell:VB'; 'VB') , True , False , 
1;be reviewed in@R@;be evaluated in@R@ , ('be'; 'VB');('reviewed'; 'VBN');('in'; 'IN')('be'; 'VB');('evaluated'; 'VBN');('in'; 'IN') , False , False , False , False , 
1;be to keep@R@;be to have@R@ , ('be'; 'VB');('to'; 'TO');('keep'; 'VB')('be'; 'VB');('to'; 'TO');('have'; 'VB') , False , False , False , False , 
1;be captivated by;captivate@R@ , ('be'; 'VB');('captivated'; 'VBN');('by'; 'IN')('captivate:VB'; 'VB') , 
1;have a huge impact on@R@;impact on@R@ , ('have'; 'VB');('a'; 'DT');('huge'; 'JJ');('impact'; 'NN');('on'; 'IN')('impact:NN'; 'VB');('on'; 'IN') , False , False , 
1;be intimidated by;restrain@R@ , ('be'; 'VB');('intimidated'; 'VBN');('by'; 'IN')('restrain:VB'; 'VB') , 
1;buy one of;get one of , ('buy'; 'VB');('one'; 'CD');('of'; 'IN')('get'; 'VB');('one'; 'CD');('of'; 'IN') , False , False , False , False , 
2;announce in;express in , ('announce'; 'VB');('in'; 'IN')('express'; 'VB');('in'; 'IN') , False , False , False , False , 
0;loose@R@;relinquish@R@ , ('loose:RB'; 'VB')('relinquish:VB'; 'VB') , False , False , False , False , 
1;be conducted at@R@;be done at@R@ , ('be'; 'VB');('conducted'; 'VBN');('at'; 'IN')('be'; 'VB');('done'; 'VBN');('at'; 'IN') , False , False , False , False , 
1;be overtaken by@R@;overtake , ('be'; 'VB');('overtaken'; 'VBN');('by'; 'IN')('overtake:VB'; 'VB') , 
1;be created by;create@R@ , ('be'; 'VB');('created'; 'VBN');('by'; 'IN')('create:VB'; 'VB') , 
1;run along;be along , ('run'; 'VB');('along'; 'RB')('be'; 'VB');('along'; 'IN') , False , False , False , False , 
2;be sign of;be the experience of//Apologizing is a sign of weakness , ('be'; 'VB');('sign'; 'NN');('of'; 'IN')('be'; 'VB');('the'; 'DT');('experience'; 'NN');('of'; 'IN') , False , False , False , False , 
1;be perceived by@R@;perceive , ('be'; 'VB');('perceived'; 'VBN');('by'; 'IN')('perceive:VB'; 'VB') , 
1;see some of@R@;find some of@R@ , ('see'; 'VB');('some'; 'DT');('of'; 'IN')('find'; 'VB');('some'; 'DT');('of'; 'IN') , False , False , False , False , 
0;be the cause of@R@;be a major cause of@R@ , ('be'; 'VB');('the'; 'DT');('cause'; 'NN');('of'; 'IN')('be'; 'VB');('a'; 'DT');('major'; 'JJ');('cause'; 'NN');('of'; 'IN') , False , False , 
0;be overwhelmed by@R@;overcome , ('be'; 'VB');('overwhelmed'; 'VBN');('by'; 'IN')('overcome:VB'; 'VB') , 
2;be licensed by;be passed by , ('be'; 'VB');('licensed'; 'VBN');('by'; 'IN')('be'; 'VB');('passed'; 'VBN');('by'; 'IN') , False , False , False , False , 
1;be generated by;yield@R@ , ('be'; 'VB');('generated'; 'VBN');('by'; 'IN')('yield:NN'; 'VB') , 
2;be managed by;form@R@ , ('be'; 'VB');('managed'; 'VBN');('by'; 'IN')('form:NN'; 'VB') , 
1;rise in;grow in , ('rise:NN'; 'VB');('in'; 'IN')('grow'; 'VB');('in'; 'IN') , False , False , False , False , 
2;sing in;communicate in , ('sing'; 'VB');('in'; 'IN')('communicate'; 'VB');('in'; 'IN') , False , False , False , False , 
1;be caused by@R@;be the lead cause of , ('be'; 'VB');('caused'; 'VBN');('by'; 'IN')('be'; 'VB');('the'; 'DT');('lead'; 'JJ');('cause'; 'NN');('of'; 'IN') , 
0;need to replace@R@;need to set@R@ , ('need'; 'VB');('to'; 'TO');('replace'; 'VB')('need'; 'VB');('to'; 'TO');('set'; 'VB') , False , False , False , False , 
1;be shocked by;surprise@R@ , ('be'; 'VB');('shocked'; 'VBN');('by'; 'IN')('surprise:NN'; 'VB') , 
2;continue to work on@R@;go to work on@R@ , ('continue'; 'VB');('to'; 'TO');('work'; 'VB');('on'; 'IN')('go'; 'VB');('to'; 'TO');('work'; 'VB');('on'; 'IN') , False , False , False , False , 
1;thank;be recognized by@R@ , ('thank:VB'; 'VB')('be'; 'VB');('recognized'; 'VBN');('by'; 'IN') , 
1;be tested by;evaluate@R@ , ('be'; 'VB');('tested'; 'VBN');('by'; 'IN')('evaluate:VB'; 'VB') , 
1;see a couple of;find a couple of , ('see'; 'VB');('a'; 'DT');('couple'; 'NN');('of'; 'IN')('find'; 'VB');('a'; 'DT');('couple'; 'NN');('of'; 'IN') , False , False , False , False , 
0;notice in@R@;say in@R@ , ('notice:NN'; 'VB');('in'; 'IN')('say'; 'VB');('in'; 'IN') , False , False , False , False , 
1;be broken by@R@;contravene , ('be'; 'VB');('broken'; 'VBN');('by'; 'IN')('contravene:VB'; 'VB') , 
1;be generated in@R@;be created in@R@ , ('be'; 'VB');('generated'; 'VBN');('in'; 'IN')('be'; 'VB');('created'; 'VBN');('in'; 'IN') , False , False , False , False , 
1;help reduce;reduce , ('help'; 'VB');('reduce'; 'VB')('reduce:VB'; 'VB') , True , False , 
1;have no impact on@R@;have no effect on@R@ , ('have'; 'VB');('no'; 'DT');('impact'; 'NN');('on'; 'IN')('have'; 'VB');('no'; 'DT');('effect'; 'NN');('on'; 'IN') , False , False , False , False , 
1;be a major source of;be the main source of , ('be'; 'VB');('a'; 'DT');('major'; 'JJ');('source'; 'NN');('of'; 'IN')('be'; 'VB');('the'; 'DT');('main'; 'JJ');('source'; 'NN');('of'; 'IN') , False , False , False , False , 
1;run as;operate as , ('run'; 'VB');('as'; 'IN')('operate'; 'VB');('as'; 'IN') , False , False , False , False , 
1;be resolved by;compensate@R@ , ('be'; 'VB');('resolved'; 'VBN');('by'; 'IN')('compensate:VB'; 'VB') , 
1;read all of;see all of , ('read'; 'VB');('all'; 'DT');('of'; 'IN')('see'; 'VB');('all'; 'DT');('of'; 'IN') , False , False , False , False , 
1;bear in@R@;take in@R@ , ('bear:NN'; 'VB');('in'; 'IN')('take'; 'VB');('in'; 'RP') , False , False , False , False , 
1;be characterized by;determine@R@ , ('be'; 'VB');('characterized'; 'VBN');('by'; 'IN')('determine:VB'; 'VB') , 
0;be performed by;conform to@R@ , ('be'; 'VB');('performed'; 'VBN');('by'; 'IN')('conform'; 'VB');('to'; 'TO') , 
0;sign on to@R@;sign up to@R@ , ('sign'; 'VB');('on'; 'RP');('to'; 'TO')('sign'; 'VB');('up'; 'RP');('to'; 'TO') , False , False , 
0;listen for@R@;read for@R@ , ('listen'; 'VB');('for'; 'IN')('read'; 'VB');('for'; 'IN') , False , False , 
0;be taken on@R@;be taken in@R@ , ('be'; 'VB');('taken'; 'VBN');('on'; 'IN')('be'; 'VB');('taken'; 'VBN');('in'; 'IN') , False , False , 
1;be composed of@R@;make of@R@ , ('be'; 'VB');('composed'; 'VBN');('of'; 'IN')('make'; 'VB');('of'; 'IN') , False , False , 
1;be absorbed in@R@;be absorbed by@R@ , ('be'; 'VB');('absorbed'; 'VBN');('in'; 'IN')('be'; 'VB');('absorbed'; 'VBN');('by'; 'IN') , False , False , 
1;be popular for@R@;be recognized for@R@ , ('be'; 'VB');('popular'; 'JJ');('for'; 'IN')('be'; 'VB');('recognized'; 'VBN');('for'; 'IN') , False , False , 
1;revolutionize@R@;be changed by , ('revolutionize:VB'; 'VB')('be'; 'VB');('changed'; 'VBN');('by'; 'IN') , 
1;unlock;be opened by@R@ , ('unlock:NN'; 'VB')('be'; 'VB');('opened'; 'VBN');('by'; 'IN') , 
1;help protect;be protected by@R@ , ('help'; 'VB');('protect'; 'VB')('be'; 'VB');('protected'; 'VBN');('by'; 'IN') , 
1;be a mix of@R@;be a blend of@R@ , ('be'; 'VB');('a'; 'DT');('mix'; 'NN');('of'; 'IN')('be'; 'VB');('a'; 'DT');('blend'; 'VB');('of'; 'IN') , False , False , 
1;exhibit in@R@;be exhibited in@R@ , ('exhibit:NN'; 'VB');('in'; 'IN')('be'; 'VB');('exhibited'; 'VBN');('in'; 'IN') , False , False , 
1;be rare for@R@;be uncommon for@R@ , ('be'; 'VB');('rare'; 'JJ');('for'; 'IN')('be'; 'VB');('uncommon'; 'JJ');('for'; 'IN') , False , False , 
1;be a major cause of@R@;be caused by , ('be'; 'VB');('a'; 'DT');('major'; 'JJ');('cause'; 'NN');('of'; 'IN')('be'; 'VB');('caused'; 'VBN');('by'; 'IN') , 
1;be sick of@R@;tire of@R@ , ('be'; 'VB');('sick'; 'JJ');('of'; 'IN')('tire:NN'; 'VB');('of'; 'IN') , False , False , 
1;be integral to;be vital to , ('be'; 'VB');('integral'; 'JJ');('to'; 'TO')('be'; 'VB');('vital'; 'JJ');('to'; 'TO') , False , False , 
1;have extensive experience in;be trained in , ('have'; 'VB');('extensive'; 'JJ');('experience'; 'NN');('in'; 'IN')('be'; 'VB');('trained'; 'VBN');('in'; 'IN') , False , False , 
1;be good at;be good in , ('be'; 'VB');('good'; 'JJ');('at'; 'IN')('be'; 'VB');('good'; 'JJ');('in'; 'IN') , False , False , 
2;be free on@R@;be free in@R@ , ('be'; 'VB');('free'; 'JJ');('on'; 'IN')('be'; 'VB');('free'; 'JJ');('in'; 'IN') , False , False , 
2;wander in@R@;wander into@R@ , ('wander'; 'VB');('in'; 'IN')('wander'; 'VB');('into'; 'IN') , False , False , 
2;develop on@R@;raise on@R@ , ('develop'; 'VB');('on'; 'IN')('raise'; 'VB');('on'; 'IN') , False , False , 
2;endure for@R@;go on for@R@ , ('endure'; 'VB');('for'; 'IN')('go'; 'VB');('on'; 'RP');('for'; 'IN') , False , False , 
2;be built into@R@;transform into@R@ , ('be'; 'VB');('built'; 'VBN');('into'; 'IN')('transform'; 'VB');('into'; 'IN') , False , False , 
2;be the amount of@R@;be the sum of@R@ , ('be'; 'VB');('the'; 'DT');('amount'; 'NN');('of'; 'IN')('be'; 'VB');('the'; 'DT');('sum'; 'NN');('of'; 'IN') , False , False , 
2;be the idea of@R@;be the topic of@R@ , ('be'; 'VB');('the'; 'DT');('idea'; 'NN');('of'; 'IN')('be'; 'VB');('the'; 'DT');('topic'; 'NN');('of'; 'IN') , False , False , 
2;continue with;remain with , ('continue'; 'VB');('with'; 'IN')('remain'; 'VB');('with'; 'IN') , False , False , 
1;work as;be employed as , ('work:NN'; 'VB');('as'; 'IN')('be'; 'VB');('employed'; 'VBN');('as'; 'IN') , False , False , 
1;chat with;communicate with , ('chat:NN'; 'VB');('with'; 'IN')('communicate'; 'VB');('with'; 'IN') , False , False , 
1;come from;be descended from , ('come'; 'VB');('from'; 'IN')('be'; 'VB');('descended'; 'VBN');('from'; 'IN') , False , False , 
1;be descended from@R@;hail from@R@ , ('be'; 'VB');('descended'; 'VBN');('from'; 'IN')('hail'; 'VB');('from'; 'IN') , False , False , 
1;descend to;settle to , ('descend'; 'VB');('to'; 'TO')('settle'; 'VB');('to'; 'TO') , False , False , 
1;be addressed by@R@;speak about , ('be'; 'VB');('addressed'; 'VBN');('by'; 'IN')('speak'; 'VB');('about'; 'IN') , 
2;anger@R@;be frustrated by , ('anger:NN'; 'VB')('be'; 'VB');('frustrated'; 'VBN');('by'; 'IN') , 
1;operate under;run under , ('operate'; 'VB');('under'; 'IN')('run'; 'VB');('under'; 'IN') , False , False , 
1;adopt;be adopted by@R@ , ('adopt:VB'; 'VB')('be'; 'VB');('adopted'; 'VBN');('by'; 'IN') , 
1;be selected for;be chosen for , ('be'; 'VB');('selected'; 'VBN');('for'; 'IN')('be'; 'VB');('chosen'; 'VBN');('for'; 'IN') , False , False , 
1;be laid on@R@;be located on@R@ , ('be'; 'VB');('laid'; 'VBN');('on'; 'IN')('be'; 'VB');('located'; 'VBN');('on'; 'IN') , False , False , 
1;reduce to@R@;come down to@R@ , ('reduce'; 'VB');('to'; 'TO')('come'; 'VB');('down'; 'RP');('to'; 'TO') , False , False , 
1;be killed in@R@;die in@R@ , ('be'; 'VB');('killed'; 'VBN');('in'; 'IN')('die'; 'VB');('in'; 'IN') , False , False , 
2;be a type of;be sort of , ('be'; 'VB');('a'; 'DT');('type'; 'NN');('of'; 'IN')('be'; 'VB');('sort'; 'NN');('of'; 'IN') , False , False , 
2;be set up in@R@;define in@R@ , ('be'; 'VB');('set'; 'VBN');('up'; 'RP');('in'; 'IN')('define'; 'VB');('in'; 'IN') , False , False , 
1;be separated into;be divided into , ('be'; 'VB');('separated'; 'VBN');('into'; 'IN')('be'; 'VB');('divided'; 'VBN');('into'; 'IN') , False , False , 
2;be spent on@R@;be invested in@R@ , ('be'; 'VB');('spent'; 'VBN');('on'; 'IN')('be'; 'VB');('invested'; 'VBN');('in'; 'IN') , False , False , 
0;look in@R@;be shown in@R@ , ('look'; 'VB');('in'; 'IN')('be'; 'VB');('shown'; 'VBN');('in'; 'IN') , False , False , 
2;show up in@R@;be shown in@R@ , ('show'; 'VB');('up'; 'RP');('in'; 'IN')('be'; 'VB');('shown'; 'VBN');('in'; 'IN') , False , False , 
1;be popular for@R@;be noted for@R@ , ('be'; 'VB');('popular'; 'JJ');('for'; 'IN')('be'; 'VB');('noted'; 'VBN');('for'; 'IN') , False , False , 
1;speak with@R@;communicate with@R@ , ('speak'; 'VB');('with'; 'IN')('communicate'; 'VB');('with'; 'IN') , False , False , 
0;rip@R@;be shot by , ('rip:VB'; 'VB')('be'; 'VB');('shot'; 'VBN');('by'; 'IN') , 
0;end for@R@;turn out for@R@ , ('end'; 'VB');('for'; 'IN')('turn'; 'VB');('out'; 'RP');('for'; 'IN') , False , False , 
1;be hit with;be hit by , ('be'; 'VB');('hit'; 'VBN');('with'; 'IN')('be'; 'VB');('hit'; 'VBN');('by'; 'IN') , False , False , 
2;be the object of@R@;be the function of@R@ , ('be'; 'VB');('the'; 'DT');('object'; 'NN');('of'; 'IN')('be'; 'VB');('the'; 'DT');('function'; 'NN');('of'; 'IN') , False , False , 
1;fly with@R@;travel with@R@ , ('fly'; 'VB');('with'; 'IN')('travel'; 'VB');('with'; 'IN') , False , False , 
0;report;be covered by@R@ , ('report:NN'; 'VB')('be'; 'VB');('covered'; 'VBN');('by'; 'IN') , 
1;be the cause of;be caused by@R@ , ('be'; 'VB');('the'; 'DT');('cause'; 'NN');('of'; 'IN')('be'; 'VB');('caused'; 'VBN');('by'; 'IN') , 
2;stay until;wait until , ('stay'; 'VB');('until'; 'IN')('wait'; 'VB');('until'; 'IN') , False , False , 
1;be impacted by;impact on@R@ , ('be'; 'VB');('impacted'; 'VBN');('by'; 'IN')('impact:NN'; 'VB');('on'; 'IN') , 
1;group@R@;be grouped by , ('group:NN'; 'VB')('be'; 'VB');('grouped'; 'VBN');('by'; 'IN') , 
1;attempt;be undertaken by@R@ , ('attempt:NN'; 'VB')('be'; 'VB');('undertaken'; 'VBN');('by'; 'IN') , 
2;be free on@R@;be free for@R@ , ('be'; 'VB');('free'; 'JJ');('on'; 'IN')('be'; 'VB');('free'; 'JJ');('for'; 'IN') , False , False , 
0;sell in;be sold in , ('sell'; 'VB');('in'; 'IN')('be'; 'VB');('sold'; 'VBN');('in'; 'IN') , False , False , 
0;be stopped by;deduce@R@ , ('be'; 'VB');('stopped'; 'VBN');('by'; 'IN')('deduce:VB'; 'VB') , 
1;be clear from@R@;be obvious in@R@ , ('be'; 'VB');('clear'; 'JJ');('from'; 'IN')('be'; 'VB');('obvious'; 'JJ');('in'; 'IN') , False , False , 
1;be afraid of;be scared of , ('be'; 'VB');('afraid'; 'JJ');('of'; 'IN')('be'; 'VB');('scared'; 'VBN');('of'; 'IN') , False , False , 
2;be arranged in@R@;be grouped into@R@ , ('be'; 'VB');('arranged'; 'VBN');('in'; 'IN')('be'; 'VB');('grouped'; 'VBN');('into'; 'IN') , False , False , 
1;be stored for@R@;be collected for@R@ , ('be'; 'VB');('stored'; 'VBN');('for'; 'IN')('be'; 'VB');('collected'; 'VBN');('for'; 'IN') , False , False , 
0;need about;like about , ('need'; 'VB');('about'; 'IN')('like:IN'; 'VB');('about'; 'IN') , False , False , 
1;be conducted in;carry out in , ('be'; 'VB');('conducted'; 'VBN');('in'; 'IN')('carry'; 'VB');('out'; 'RP');('in'; 'IN') , False , False , 
1;hook on;be hooked on , ('hook:NN'; 'VB');('on'; 'IN')('be'; 'VB');('hooked'; 'VBN');('on'; 'IN') , False , False , 
2;respond@R@;be said by , ('respond:NN'; 'VB')('be'; 'VB');('said'; 'VBN');('by'; 'IN') , 
2;dub@R@;be named by , ('dub:NN'; 'VB')('be'; 'VB');('named'; 'VBN');('by'; 'IN') , 
0;present on;deliver on , ('present:JJ'; 'VB');('on'; 'IN')('deliver'; 'VB');('on'; 'IN') , False , False , 
1;look for on;expect on , ('look'; 'VB');('for'; 'IN');('on'; 'IN')('expect'; 'VB');('on'; 'IN') , False , False , 
1;change to@R@;switch to@R@ , ('change'; 'VB');('to'; 'TO')('switch:NN'; 'VB');('to'; 'TO') , False , False , 
1;present to@R@;introduce to@R@ , ('present:JJ'; 'VB');('to'; 'TO')('introduce'; 'VB');('to'; 'TO') , False , False , 
1;integrate into;be incorporated into , ('integrate'; 'VB');('into'; 'IN')('be'; 'VB');('incorporated'; 'VBN');('into'; 'IN') , False , False , 
2;apply for@R@;be eligible for@R@ , ('apply'; 'VB');('for'; 'IN')('be'; 'VB');('eligible'; 'JJ');('for'; 'IN') , False , False , 
0;be discovered@R@;be produced@R@ , ('be'; 'VB');('discovered'; 'VBN')('be'; 'VB');('produced'; 'VBN') , False , False , False , False , True , True , 
0;occur as@R@;develop as@R@ , ('occur'; 'VB');('as'; 'IN')('develop'; 'VB');('as'; 'IN') , False , False , False , False , True , True , 
0;receive in;hear in , ('receive'; 'VB');('in'; 'IN')('hear'; 'VB');('in'; 'IN') , False , False , False , False , True , True , 
1;end up in@R@;culminate in@R@ , ('end'; 'VB');('up'; 'RP');('in'; 'IN')('culminate'; 'VB');('in'; 'IN') , False , False , False , False , True , True , 
1;remember watch@R@;remember see@R@ , ('remember'; 'VB');('watch:NN'; 'VB')('remember'; 'VB');('see'; 'VB') , False , False , False , False , True , True , 
1;be committed to provide@R@;be dedicated to provide@R@ , ('be'; 'VB');('committed'; 'VBN');('to'; 'TO');('provide'; 'VB')('be'; 'VB');('dedicated'; 'VBN');('to'; 'TO');('provide'; 'VB') , False , False , False , False , True , True , 
2;be available on@R@;be available via@R@ , ('be'; 'VB');('available'; 'JJ');('on'; 'IN')('be'; 'VB');('available'; 'JJ');('via'; 'IN') , False , False , False , False , True , True , 
1;end up use;try use , ('end'; 'VB');('up'; 'RP');('use:NN'; 'VB')('try'; 'VB');('use:NN'; 'VB') , False , False , False , False , True , True , 
1;be produced in@R@;be manufactured in@R@ , ('be'; 'VB');('produced'; 'VBN');('in'; 'IN')('be'; 'VB');('manufactured'; 'VBN');('in'; 'IN') , False , False , False , False , True , True , 
1;need one of;want one of , ('need'; 'VB');('one'; 'CD');('of'; 'IN')('want'; 'VB');('one'; 'CD');('of'; 'IN') , False , False , False , False , True , True , 
0;go in;belong in , ('go'; 'VB');('in'; 'IN')('belong'; 'VB');('in'; 'IN') , False , False , False , False , True , True , 
1;be describe@R@;be identify@R@ , ('be'; 'VB');('describe'; 'VB')('be'; 'VB');('identify'; 'VB') , False , False , False , False , True , True , 
1;occur within;happen within , ('occur'; 'VB');('within'; 'IN')('happen'; 'VB');('within'; 'IN') , False , False , False , False , True , True , 
1;be expert in;be versed in , ('be'; 'VB');('expert'; 'JJ');('in'; 'IN')('be'; 'VB');('versed'; 'VBN');('in'; 'IN') , False , False , False , False , True , True , 
1;interfere in;intervene in , ('interfere'; 'VB');('in'; 'IN')('intervene'; 'VB');('in'; 'IN') , False , False , False , False , True , True , 
1;be appropriate in;be acceptable in , ('be'; 'VB');('appropriate'; 'JJ');('in'; 'IN')('be'; 'VB');('acceptable'; 'JJ');('in'; 'IN') , False , False , False , False , True , True , 
0;learn by;see by , ('learn'; 'VB');('by'; 'IN')('see'; 'VB');('by'; 'IN') , False , False , False , False , True , True , 
0;want to follow;need to follow , ('want'; 'VB');('to'; 'TO');('follow'; 'VB')('need'; 'VB');('to'; 'TO');('follow'; 'VB') , False , False , False , False , True , True , 
1;produce a lot of;generate a lot of , ('produce'; 'VB');('a'; 'DT');('lot'; 'NN');('of'; 'IN')('generate'; 'VB');('a'; 'DT');('lot'; 'NN');('of'; 'IN') , False , False , False , False , True , True , 
0;recognize in@R@;buy in@R@ , ('recognize'; 'VB');('in'; 'IN')('buy'; 'VB');('in'; 'IN') , False , False , False , False , True , True , 
1;need to remove;need to get rid of , ('need'; 'VB');('to'; 'TO');('remove'; 'VB')('need'; 'VB');('to'; 'TO');('get'; 'VB');('rid'; 'JJ');('of'; 'IN') , False , False , False , False , True , True , 
2;perform as;star as , ('perform'; 'VB');('as'; 'IN')('star'; 'VB');('as'; 'IN') , False , False , False , False , True , True , 
1;be detailed in@R@;be answered in@R@ , ('be'; 'VB');('detailed'; 'VBN');('in'; 'IN')('be'; 'VB');('answered'; 'VBN');('in'; 'IN') , False , False , False , False , True , True , 
1;be geared for@R@;be geared to@R@ , ('be'; 'VB');('geared'; 'VBN');('for'; 'IN')('be'; 'VB');('geared'; 'VBN');('to'; 'TO') , False , False , False , False , True , True , 
1;pass away in@R@;perish in@R@ , ('pass'; 'VB');('away'; 'RB');('in'; 'IN')('perish'; 'VB');('in'; 'IN') , False , False , False , False , True , True , 
1;be initiated by;be triggered by , ('be'; 'VB');('initiated'; 'VBN');('by'; 'IN')('be'; 'VB');('triggered'; 'VBN');('by'; 'IN') , False , False , False , False , True , True , 
2;hear a lot of@R@;watch a lot of@R@ , ('hear'; 'VB');('a'; 'DT');('lot'; 'NN');('of'; 'IN')('watch'; 'VB');('a'; 'DT');('lot'; 'NN');('of'; 'IN') , False , False , False , False , True , True , 
1;want to hear;want to understand , ('want'; 'VB');('to'; 'TO');('hear'; 'VB')('want'; 'VB');('to'; 'TO');('understand'; 'VB') , False , False , False , False , True , True , 
0;be say@R@;be read by , ('be'; 'VB');('say'; 'VB')('be'; 'VB');('read'; 'VBN');('by'; 'IN') , False , False , False , False , True , True , 
1;be similar in@R@;be identical in@R@ , ('be'; 'VB');('similar'; 'JJ');('in'; 'IN')('be'; 'VB');('identical'; 'JJ');('in'; 'IN') , False , False , False , False , True , True , 
1;be greater than@R@;be bigger than@R@ , ('be'; 'VB');('greater'; 'JJR');('than'; 'IN')('be'; 'VB');('bigger'; 'JJR');('than'; 'IN') , False , False , False , False , True , True , 
1;have the right to@R@;have a right to@R@ , ('have'; 'VB');('the'; 'DT');('right'; 'NN');('to'; 'TO')('have'; 'VB');('a'; 'DT');('right'; 'NN');('to'; 'TO') , False , False , 
1;pull up to;draw to , ('pull'; 'VB');('up'; 'RP');('to'; 'TO')('draw'; 'VB');('to'; 'TO') , False , False , False , False , False , False , True , True , 
1;be damaged in;be destroyed in , ('be'; 'VB');('damaged'; 'VBN');('in'; 'IN')('be'; 'VB');('destroyed'; 'VBN');('in'; 'IN') , False , False , False , False , True , True , 
0;be displayed at;be offered at , ('be'; 'VB');('displayed'; 'VBN');('at'; 'IN')('be'; 'VB');('offered'; 'VBN');('at'; 'IN') , False , False , False , False , True , True , 
1;be another example of@R@;be an example of@R@ , ('be'; 'VB');('another'; 'DT');('example'; 'NN');('of'; 'IN')('be'; 'VB');('an'; 'DT');('example'; 'NN');('of'; 'IN') , False , False , False , False , 
1;escape from@R@;fly in from@R@ , ('escape'; 'VB');('from'; 'IN')('fly'; 'VB');('in'; 'RB');('from'; 'IN') , False , False , False , False , False , False , True , True , 
1;be assessed by@R@;be measured by@R@ , ('be'; 'VB');('assessed'; 'VBN');('by'; 'IN')('be'; 'VB');('measured'; 'VBN');('by'; 'IN') , False , False , False , False , True , True , 
